Place,Latitude,Longitude
Anna Nagar,13.0827,80.2158
Red Hills,13.084,80.2028
Royapuram,13.0984,80.2934
Korukkupet,13.1253,80.2351
Vyasarpadi,13.1156,80.2159
Perambur,13.0848,80.2223
Tondiarpet,13.1158,80.2913
Tiruvottiyur,13.1525,80.2985
Ennore,13.1897,80.3068
Minjur,13.2566,80.2825
Old Washermenpet,13.0832,80.2833
Madhavaram,13.1318,80.2078
Manali New Town,13.1745,80.2444
Naravarikuppam,13.0881,80.1733
Puzhal,13.0852,80.153
Moolakadai,13.0907,80.2108
Kodungaiyur,13.1265,80.2235
Madhavaram Milk Colony,13.1375,80.1832
Mathur MMDA,13.0766,80.1907
Surapet,13.0745,80.1364
Parry's Corner,13.0734,80.2707
Manali,13.141,80.1994
Vallalar Nagar,13.0503,80.213
New Washermenpet,13.08,80.2926
Mannadi,13.085,80.274
George Town,13.0711,80.2826
Basin Bridge,13.0937,80.2776
Park Town,13.0713,80.2762
Periamet,13.071,80.2822
Pattalam,13.085,80.2822
Pulianthope,13.0784,80.2653
M.K.B. Nagar,13.0903,80.1942
Selavoyal,13.0834,80.1468
Manjambakkam,13.0235,80.1827
Ponniammanmedu,13.1424,80.1562
Sembiam,13.0828,80.2232
T.V.K. Nagar,13.0663,80.2284
ICF Colony,13.1071,80.2648
Villivakkam,13.0828,80.2168
Lakshmipuram,13.0803,80.2275
Kathivakkam,13.172,80.2264
Kathirvedu,13.1793,80.2281
Erukanchery,13.1562,80.2413
Broadway,13.0878,80.29
"Jamalia, Chennai",13.0986,80.2305
Kosapet,13.0796,80.2141
Otteri,13.0795,80.2603
Porur,13.015,80.2073
Kovur,13.036,80.192
Aminjikarai,13.0735,80.2156
Ayanavaram,13.0824,80.2235
Ambattur,13.09,80.1743
Kundrathur,13.0233,80.1065
Defence Colony,13.0911,80.1783
Mannurpet,13.0387,80.1624
Padi,13.0973,80.183
Ayappakkam,13.0655,80.2071
Korattur,13.1316,80.2158
Mogappair,13.0867,80.1971
Arumbakkam,13.0725,80.2158
Avadi,13.1064,80.1544
Pudur,13.1294,80.1783
Maduravoyal,13.0958,80.2067
Koyambedu,13.0654,80.2183
Ashok Nagar,13.0525,80.2265
K.K. Nagar,13.0577,80.2169
Karambakkam,13.0056,80.1647
Vadapalani,13.0317,80.2268
Saligramam,13.0514,80.2136
Virugambakkam,13.056,80.2264
Alwarthirunagar,13.0581,80.2224
Valasaravakkam,13.0331,80.2288
Thirunindravur,13.045,80.163
Pattabiram,13.0983,80.1471
Thirumangalam,13.0734,80.2261
Thirumullaivayal,13.1348,80.1784
Thiruverkadu,13.1242,80.2256
Nandambakkam,13.0134,80.1977
Nerkundrum,13.1044,80.2437
Nesapakkam,13.0935,80.2125
Nolambur,13.0647,80.217
Ramapuram,13.086,80.1956
Mugalivakkam,13.0144,80.1754
Mangadu,13.035,80.187
M.G.R. Nagar,13.0614,80.217
M.G.R. Garden,13.0637,80.2069
Alapakkam,13.0587,80.2043
Poonamallee,13.0562,80.2033
Mowlivakkam,13.0285,80.1975
Gerugambakkam,13.0614,80.2232
CMDA Colony,13.0864,80.2122
Thirumazhisai,13.0791,80.079
Iyyapanthangal,13.0786,80.1745
Sikkarayapuram,13.144,80.1963
Teynampet,13.0327,80.2227
Thousand Lights,13.0414,80.246
Gopalapuram,13.0425,80.249
Mylapore,13.0319,80.2565
Chromepet,12.9652,80.1946
Egmore,13.0595,80.2337
Chetpet,13.0614,80.217
Perungudi,12.9721,80.2213
Sholinganallur,12.9621,80.2204
Alandur,12.9682,80.208
Adambakkam,12.9548,80.1878
Adyar,13.0006,80.263
Besant Nagar,13.0048,80.2639
Triplicane,13.0593,80.2784
T. Nagar,13.044,80.2263
Thiruvanmiyur,13.0134,80.259
Saidapet,13.0296,80.2114
Guindy,13.0038,80.223
Madipakkam,12.9703,80.2043
Nanganallur,12.9646,80.2218
Velachery,12.9635,80.217
Taramani,12.9743,80.2391
Pallikaranai,12.965,80.2186
Keelkattalai,12.9332,80.1844
Kovilambakkam,12.9315,80.2115
Thoraipakkam,12.9723,80.2202
Neelankarai,12.9194,80.2234
Injambakkam,12.9335,80.2072
Hastinapuram,12.9231,80.1395
Pallavaram,12.9384,80.1904
Pozhichur,12.9105,80.1478
Pammal,12.9144,80.1884
Nagalkeni,12.946,80.207
Tambaram,12.8914,80.1785
Selaiyur,12.8983,80.1853
Irumbuliyur,12.8928,80.1573
Kadaperi,12.8833,80.1664
Perungalathur,12.9032,80.1686
Pazhavanthangal,12.8841,80.209
Peerkankaranai,12.8836,80.2052
Mudichur,12.8793,80.1867
Vandalur,12.9032,80.179
Kolappakkam,12.9124,80.2264
Mambakkam,12.856,80.1765
Palavakkam,12.927,80.2332
Varadharajapuram,12.8547,80.196
Medavakkam,12.9263,80.1928
West Mambalam,13.0583,80.2133
Kottivakkam,12.9194,80.2365
Pudupet,13.0677,80.2342
Gummidipoondi,13.202,80.0688
Pazhaverkadu,13.2227,80.2111
Ponneri,13.1871,80.0598
Athipattu,13.1961,80.1746
Sholavaram,13.0933,80.1742
Minjur,12.978,80.126
Red Hills,13.083,80.1543
Ennore,13.2302,80.2912
Tiruvallur,13.1435,80.051
Kadambathur,13.1739,80.097
Arakkonam,13.0867,79.6678
Tiruttani,13.1342,79.5866
Tamaraipakkam,12.9769,80.2107
Sriperumbudur,12.9271,79.9728
Chembarambakkam,12.9906,80.153
Singaperumalkoil,12.8255,80.0624
Maraimalai Nagar,12.7355,80.0958
Urapakkam,12.8769,80.0672
Guduvanchery,12.8936,80.1732
Karapakkam,12.8724,80.2232
Kanathur,12.8955,80.2427
Uthandi,12.8871,80.2731
Muthukadu,12.8708,80.2492
Kelambakkam,12.8847,80.1716
Kovalam,12.8692,80.2266
Siruseri,12.7932,80.222
